fold,ep,auroc,aupr
2,0,0.7429416154171854,0.274962572574383
2,0,0.7429416154171854,0.274962572574383
